{
  "time": 1557237531637,
  "initialization": {
    "cpuUsage": {
      "user": 44000,
      "system": 8000
    },
    "memoryUsage": {
      "rss": 3829760,
      "heapTotal": 6856704,
      "heapUsed": 4127640,
      "external": 474216
    },
    "hrtime": 114846492
  },
  "execution": {
    "cpuUsage": {
      "user": 4000,
      "system": 0
    },
    "memoryUsage": {
      "rss": 245760,
      "heapTotal": 0,
      "heapUsed": 161904,
      "external": 96
    },
    "hrtime": 4560962
  }
}
