{
  "time": 1557237617188,
  "initialization": {
    "cpuUsage": {
      "user": 48000,
      "system": 8000
    },
    "memoryUsage": {
      "rss": 4218880,
      "heapTotal": 6856704,
      "heapUsed": 4602296,
      "external": 555727
    },
    "hrtime": 122297149
  },
  "execution": {
    "cpuUsage": {
      "user": 4000,
      "system": 0
    },
    "memoryUsage": {
      "rss": 241664,
      "heapTotal": 0,
      "heapUsed": 157704,
      "external": 96
    },
    "hrtime": 4067143
  }
}
