{
  "time": 1557237365462,
  "initialization": {
    "cpuUsage": {
      "user": 68000,
      "system": 4000
    },
    "memoryUsage": {
      "rss": 3809280,
      "heapTotal": 6332416,
      "heapUsed": 4186240,
      "external": 479096
    },
    "hrtime": 154546970
  },
  "execution": {
    "cpuUsage": {
      "user": 4000,
      "system": 0
    },
    "memoryUsage": {
      "rss": 245760,
      "heapTotal": 0,
      "heapUsed": 188368,
      "external": 96
    },
    "hrtime": 5541603
  }
}
