{
  "time": 1557236872803,
  "initialization": {
    "cpuUsage": {
      "user": 20000,
      "system": 8000
    },
    "memoryUsage": {
      "rss": 2387968,
      "heapTotal": 6332416,
      "heapUsed": 2610368,
      "external": 165758
    },
    "hrtime": 50698653
  },
  "execution": {
    "cpuUsage": {
      "user": 4000,
      "system": 0
    },
    "memoryUsage": {
      "rss": 233472,
      "heapTotal": 0,
      "heapUsed": 158736,
      "external": 96
    },
    "hrtime": 4565695
  }
}
