{
  "time": 1557237654037,
  "initialization": {
    "cpuUsage": {
      "user": 44000,
      "system": 8000
    },
    "memoryUsage": {
      "rss": 3588096,
      "heapTotal": 6856704,
      "heapUsed": 4198944,
      "external": 479890
    },
    "hrtime": 107282962
  },
  "execution": {
    "cpuUsage": {
      "user": 4000,
      "system": 0
    },
    "memoryUsage": {
      "rss": 245760,
      "heapTotal": 0,
      "heapUsed": 425976,
      "external": 96
    },
    "hrtime": 4294813
  }
}
