{
  "time": 1557236871826,
  "initialization": {
    "cpuUsage": {
      "user": 28000,
      "system": 4000
    },
    "memoryUsage": {
      "rss": 2396160,
      "heapTotal": 7380992,
      "heapUsed": 2710624,
      "external": 185717
    },
    "hrtime": 51446525
  },
  "execution": {
    "cpuUsage": {
      "user": 0,
      "system": 4000
    },
    "memoryUsage": {
      "rss": 237568,
      "heapTotal": 0,
      "heapUsed": 165928,
      "external": 96
    },
    "hrtime": 4637136
  }
}
