{
  "time": 1557237509367,
  "initialization": {
    "cpuUsage": {
      "user": 28000,
      "system": 4000
    },
    "memoryUsage": {
      "rss": 2408448,
      "heapTotal": 7905280,
      "heapUsed": 2781560,
      "external": 180669
    },
    "hrtime": 57526307
  },
  "execution": {
    "cpuUsage": {
      "user": 4000,
      "system": 0
    },
    "memoryUsage": {
      "rss": 221184,
      "heapTotal": 0,
      "heapUsed": 168520,
      "external": 96
    },
    "hrtime": 4928351
  }
}
