{
  "time": 1557236827880,
  "initialization": {
    "cpuUsage": {
      "user": 28000,
      "system": 4000
    },
    "memoryUsage": {
      "rss": 2662400,
      "heapTotal": 6856704,
      "heapUsed": 3073360,
      "external": 195205
    },
    "hrtime": 56807702
  },
  "execution": {
    "cpuUsage": {
      "user": 4000,
      "system": 0
    },
    "memoryUsage": {
      "rss": 274432,
      "heapTotal": 0,
      "heapUsed": 160584,
      "external": 96
    },
    "hrtime": 4446618
  }
}
