{
  "time": 1557237644600,
  "initialization": {
    "cpuUsage": {
      "user": 12000,
      "system": 12000
    },
    "memoryUsage": {
      "rss": 2142208,
      "heapTotal": 7380992,
      "heapUsed": 2704672,
      "external": 171254
    },
    "hrtime": 60374060
  },
  "execution": {
    "cpuUsage": {
      "user": 8000,
      "system": 0
    },
    "memoryUsage": {
      "rss": 253952,
      "heapTotal": 0,
      "heapUsed": 161992,
      "external": 96
    },
    "hrtime": 6609323
  }
}
