{
  "time": 1557237615859,
  "initialization": {
    "cpuUsage": {
      "user": 20000,
      "system": 8000
    },
    "memoryUsage": {
      "rss": 2789376,
      "heapTotal": 6856704,
      "heapUsed": 2754168,
      "external": 181344
    },
    "hrtime": 51495167
  },
  "execution": {
    "cpuUsage": {
      "user": 4000,
      "system": 0
    },
    "memoryUsage": {
      "rss": 217088,
      "heapTotal": 0,
      "heapUsed": 186448,
      "external": 96
    },
    "hrtime": 4671973
  }
}
