{
  "time": 1555322571311,
  "initialization": {
    "cpuUsage": {
      "user": 16000,
      "system": 8000
    },
    "memoryUsage": {
      "rss": 2396160,
      "heapTotal": 6332416,
      "heapUsed": 2711192,
      "external": 171386
    },
    "hrtime": 53454151
  },
  "execution": {
    "cpuUsage": {
      "user": 4000,
      "system": 0
    },
    "memoryUsage": {
      "rss": 237568,
      "heapTotal": 0,
      "heapUsed": 174184,
      "external": 96
    },
    "hrtime": 4200169
  }
}
