{
  "time": 1557236811890,
  "initialization": {
    "cpuUsage": {
      "user": 20000,
      "system": 4000
    },
    "memoryUsage": {
      "rss": 2662400,
      "heapTotal": 6332416,
      "heapUsed": 2963280,
      "external": 171210
    },
    "hrtime": 44634039
  },
  "execution": {
    "cpuUsage": {
      "user": 4000,
      "system": 0
    },
    "memoryUsage": {
      "rss": 241664,
      "heapTotal": 0,
      "heapUsed": 161920,
      "external": 96
    },
    "hrtime": 4001440
  }
}
