{
  "time": 1557236794433,
  "initialization": {
    "cpuUsage": {
      "user": 16000,
      "system": 8000
    },
    "memoryUsage": {
      "rss": 2670592,
      "heapTotal": 6856704,
      "heapUsed": 3052392,
      "external": 195557
    },
    "hrtime": 53134271
  },
  "execution": {
    "cpuUsage": {
      "user": 4000,
      "system": 0
    },
    "memoryUsage": {
      "rss": 274432,
      "heapTotal": 0,
      "heapUsed": 158760,
      "external": 96
    },
    "hrtime": 4093331
  }
}
