{
  "time": 1557236849658,
  "initialization": {
    "cpuUsage": {
      "user": 44000,
      "system": 12000
    },
    "memoryUsage": {
      "rss": 4550656,
      "heapTotal": 6332416,
      "heapUsed": 4603384,
      "external": 555727
    },
    "hrtime": 97921831
  },
  "execution": {
    "cpuUsage": {
      "user": 4000,
      "system": 0
    },
    "memoryUsage": {
      "rss": 241664,
      "heapTotal": 0,
      "heapUsed": 185424,
      "external": 96
    },
    "hrtime": 4504167
  }
}
