{
  "time": 1557237496805,
  "initialization": {
    "cpuUsage": {
      "user": 24000,
      "system": 4000
    },
    "memoryUsage": {
      "rss": 2498560,
      "heapTotal": 6332416,
      "heapUsed": 2736624,
      "external": 180886
    },
    "hrtime": 45410432
  },
  "execution": {
    "cpuUsage": {
      "user": 4000,
      "system": 0
    },
    "memoryUsage": {
      "rss": 212992,
      "heapTotal": 0,
      "heapUsed": 162864,
      "external": 96
    },
    "hrtime": 4446419
  }
}
