{
  "time": 1557237620118,
  "initialization": {
    "cpuUsage": {
      "user": 24000,
      "system": 4000
    },
    "memoryUsage": {
      "rss": 2400256,
      "heapTotal": 6856704,
      "heapUsed": 2613000,
      "external": 165898
    },
    "hrtime": 56115646
  },
  "execution": {
    "cpuUsage": {
      "user": 4000,
      "system": 0
    },
    "memoryUsage": {
      "rss": 237568,
      "heapTotal": 0,
      "heapUsed": 156744,
      "external": 96
    },
    "hrtime": 4750737
  }
}
