{
  "time": 1555322519246,
  "initialization": {
    "cpuUsage": {
      "user": 40000,
      "system": 16000
    },
    "memoryUsage": {
      "rss": 5046272,
      "heapTotal": 6856704,
      "heapUsed": 4677744,
      "external": 565271
    },
    "hrtime": 95508630
  },
  "execution": {
    "cpuUsage": {
      "user": 4000,
      "system": 0
    },
    "memoryUsage": {
      "rss": 241664,
      "heapTotal": 0,
      "heapUsed": 158296,
      "external": 96
    },
    "hrtime": 4500012
  }
}
