{
  "time": 1557236815473,
  "initialization": {
    "cpuUsage": {
      "user": 24000,
      "system": 4000
    },
    "memoryUsage": {
      "rss": 2412544,
      "heapTotal": 6332416,
      "heapUsed": 2593968,
      "external": 164856
    },
    "hrtime": 56292590
  },
  "execution": {
    "cpuUsage": {
      "user": 4000,
      "system": 0
    },
    "memoryUsage": {
      "rss": 233472,
      "heapTotal": 0,
      "heapUsed": 156064,
      "external": 96
    },
    "hrtime": 4742415
  }
}
