{
  "time": 1557236874748,
  "initialization": {
    "cpuUsage": {
      "user": 44000,
      "system": 12000
    },
    "memoryUsage": {
      "rss": 4517888,
      "heapTotal": 6856704,
      "heapUsed": 4588544,
      "external": 555681
    },
    "hrtime": 117990998
  },
  "execution": {
    "cpuUsage": {
      "user": 4000,
      "system": 0
    },
    "memoryUsage": {
      "rss": 241664,
      "heapTotal": 0,
      "heapUsed": 168880,
      "external": 96
    },
    "hrtime": 4613424
  }
}
