{
  "time": 1557236808241,
  "initialization": {
    "cpuUsage": {
      "user": 40000,
      "system": 20000
    },
    "memoryUsage": {
      "rss": 4448256,
      "heapTotal": 6332416,
      "heapUsed": 4589032,
      "external": 555325
    },
    "hrtime": 99673328
  },
  "execution": {
    "cpuUsage": {
      "user": 4000,
      "system": 0
    },
    "memoryUsage": {
      "rss": 237568,
      "heapTotal": 0,
      "heapUsed": 161192,
      "external": 96
    },
    "hrtime": 4525791
  }
}
