{
  "time": 1557237625145,
  "initialization": {
    "cpuUsage": {
      "user": 24000,
      "system": 4000
    },
    "memoryUsage": {
      "rss": 2387968,
      "heapTotal": 5808128,
      "heapUsed": 2583336,
      "external": 164908
    },
    "hrtime": 50980254
  },
  "execution": {
    "cpuUsage": {
      "user": 4000,
      "system": 0
    },
    "memoryUsage": {
      "rss": 237568,
      "heapTotal": 0,
      "heapUsed": 162816,
      "external": 96
    },
    "hrtime": 5524157
  }
}
