{
  "time": 1557236837097,
  "initialization": {
    "cpuUsage": {
      "user": 56000,
      "system": 8000
    },
    "memoryUsage": {
      "rss": 4091904,
      "heapTotal": 7905280,
      "heapUsed": 4539112,
      "external": 537623
    },
    "hrtime": 129815431
  },
  "execution": {
    "cpuUsage": {
      "user": 0,
      "system": 4000
    },
    "memoryUsage": {
      "rss": 241664,
      "heapTotal": 0,
      "heapUsed": 160888,
      "external": 96
    },
    "hrtime": 5082530
  }
}
