{
  "time": 1557237446621,
  "initialization": {
    "cpuUsage": {
      "user": 28000,
      "system": 4000
    },
    "memoryUsage": {
      "rss": 2527232,
      "heapTotal": 6856704,
      "heapUsed": 2829616,
      "external": 181022
    },
    "hrtime": 59300885
  },
  "execution": {
    "cpuUsage": {
      "user": 4000,
      "system": 0
    },
    "memoryUsage": {
      "rss": 212992,
      "heapTotal": 0,
      "heapUsed": 168856,
      "external": 96
    },
    "hrtime": 4152013
  }
}
