{
  "time": 1557237622287,
  "initialization": {
    "cpuUsage": {
      "user": 48000,
      "system": 4000
    },
    "memoryUsage": {
      "rss": 3969024,
      "heapTotal": 6332416,
      "heapUsed": 4089400,
      "external": 480816
    },
    "hrtime": 72040127
  },
  "execution": {
    "cpuUsage": {
      "user": 4000,
      "system": 4000
    },
    "memoryUsage": {
      "rss": 233472,
      "heapTotal": 0,
      "heapUsed": 187256,
      "external": 96
    },
    "hrtime": 6557613
  }
}
