{
  "time": 1555322483941,
  "initialization": {
    "cpuUsage": {
      "user": 20000,
      "system": 4000
    },
    "memoryUsage": {
      "rss": 2392064,
      "heapTotal": 6332416,
      "heapUsed": 2108040,
      "external": 113769
    },
    "hrtime": 56317255
  },
  "execution": {
    "cpuUsage": {
      "user": 4000,
      "system": 0
    },
    "memoryUsage": {
      "rss": 241664,
      "heapTotal": 0,
      "heapUsed": 160464,
      "external": 96
    },
    "hrtime": 4808096
  }
}
