{
  "time": 1557237626344,
  "initialization": {
    "cpuUsage": {
      "user": 52000,
      "system": 4000
    },
    "memoryUsage": {
      "rss": 4403200,
      "heapTotal": 6856704,
      "heapUsed": 4585120,
      "external": 563473
    },
    "hrtime": 104894664
  },
  "execution": {
    "cpuUsage": {
      "user": 4000,
      "system": 0
    },
    "memoryUsage": {
      "rss": 241664,
      "heapTotal": 0,
      "heapUsed": 172064,
      "external": 96
    },
    "hrtime": 4832142
  }
}
