{
  "time": 1557236848482,
  "initialization": {
    "cpuUsage": {
      "user": 20000,
      "system": 0
    },
    "memoryUsage": {
      "rss": 2658304,
      "heapTotal": 5808128,
      "heapUsed": 2608304,
      "external": 165436
    },
    "hrtime": 48280349
  },
  "execution": {
    "cpuUsage": {
      "user": 4000,
      "system": 4000
    },
    "memoryUsage": {
      "rss": 237568,
      "heapTotal": 0,
      "heapUsed": 182840,
      "external": 96
    },
    "hrtime": 5032047
  }
}
