{
  "time": 1555322435428,
  "initialization": {
    "cpuUsage": {
      "user": 44000,
      "system": 4000
    },
    "memoryUsage": {
      "rss": 4395008,
      "heapTotal": 6856704,
      "heapUsed": 4519768,
      "external": 549731
    },
    "hrtime": 87341750
  },
  "execution": {
    "cpuUsage": {
      "user": 4000,
      "system": 0
    },
    "memoryUsage": {
      "rss": 241664,
      "heapTotal": 0,
      "heapUsed": 168712,
      "external": 96
    },
    "hrtime": 4018146
  }
}
