{
  "time": 1555322442649,
  "initialization": {
    "cpuUsage": {
      "user": 24000,
      "system": 4000
    },
    "memoryUsage": {
      "rss": 2666496,
      "heapTotal": 6332416,
      "heapUsed": 3036104,
      "external": 195879
    },
    "hrtime": 52729441
  },
  "execution": {
    "cpuUsage": {
      "user": 4000,
      "system": 0
    },
    "memoryUsage": {
      "rss": 274432,
      "heapTotal": 0,
      "heapUsed": 162240,
      "external": 96
    },
    "hrtime": 4039588
  }
}
