{
  "time": 1557237494529,
  "initialization": {
    "cpuUsage": {
      "user": 16000,
      "system": 12000
    },
    "memoryUsage": {
      "rss": 2699264,
      "heapTotal": 8429568,
      "heapUsed": 2696832,
      "external": 122141
    },
    "hrtime": 54623889
  },
  "execution": {
    "cpuUsage": {
      "user": 4000,
      "system": 0
    },
    "memoryUsage": {
      "rss": 188416,
      "heapTotal": 0,
      "heapUsed": 162336,
      "external": 96
    },
    "hrtime": 6609334
  }
}
