{
  "time": 1555322468991,
  "initialization": {
    "cpuUsage": {
      "user": 20000,
      "system": 4000
    },
    "memoryUsage": {
      "rss": 2662400,
      "heapTotal": 5808128,
      "heapUsed": 2584536,
      "external": 165574
    },
    "hrtime": 48317599
  },
  "execution": {
    "cpuUsage": {
      "user": 0,
      "system": 4000
    },
    "memoryUsage": {
      "rss": 237568,
      "heapTotal": 0,
      "heapUsed": 171328,
      "external": 96
    },
    "hrtime": 4534694
  }
}
