{
  "time": 1557236853183,
  "initialization": {
    "cpuUsage": {
      "user": 48000,
      "system": 12000
    },
    "memoryUsage": {
      "rss": 4472832,
      "heapTotal": 6332416,
      "heapUsed": 4605232,
      "external": 555681
    },
    "hrtime": 124125902
  },
  "execution": {
    "cpuUsage": {
      "user": 4000,
      "system": 0
    },
    "memoryUsage": {
      "rss": 241664,
      "heapTotal": 0,
      "heapUsed": 161960,
      "external": 96
    },
    "hrtime": 4335107
  }
}
