{
  "time": 1557237463371,
  "initialization": {
    "cpuUsage": {
      "user": 56000,
      "system": 4000
    },
    "memoryUsage": {
      "rss": 4374528,
      "heapTotal": 6856704,
      "heapUsed": 4587216,
      "external": 555281
    },
    "hrtime": 130759578
  },
  "execution": {
    "cpuUsage": {
      "user": 0,
      "system": 4000
    },
    "memoryUsage": {
      "rss": 241664,
      "heapTotal": 0,
      "heapUsed": 160816,
      "external": 96
    },
    "hrtime": 5073235
  }
}
