{
  "time": 1557236957348,
  "initialization": {
    "cpuUsage": {
      "user": 16000,
      "system": 4000
    },
    "memoryUsage": {
      "rss": 765952,
      "heapTotal": 6291456,
      "heapUsed": 566552,
      "external": 73348
    },
    "hrtime": 42113437
  },
  "execution": {
    "cpuUsage": {
      "user": 4000,
      "system": 4000
    },
    "memoryUsage": {
      "rss": 237568,
      "heapTotal": 0,
      "heapUsed": 171288,
      "external": 96
    },
    "hrtime": 5016821
  }
}
