{
  "time": 1557236852357,
  "initialization": {
    "cpuUsage": {
      "user": 20000,
      "system": 8000
    },
    "memoryUsage": {
      "rss": 2404352,
      "heapTotal": 6332416,
      "heapUsed": 2692592,
      "external": 172038
    },
    "hrtime": 55352423
  },
  "execution": {
    "cpuUsage": {
      "user": 4000,
      "system": 0
    },
    "memoryUsage": {
      "rss": 237568,
      "heapTotal": 0,
      "heapUsed": 161808,
      "external": 96
    },
    "hrtime": 4095642
  }
}
