{
  "time": 1557237632876,
  "initialization": {
    "cpuUsage": {
      "user": 20000,
      "system": 8000
    },
    "memoryUsage": {
      "rss": 2654208,
      "heapTotal": 6332416,
      "heapUsed": 2865096,
      "external": 165850
    },
    "hrtime": 59384029
  },
  "execution": {
    "cpuUsage": {
      "user": 4000,
      "system": 0
    },
    "memoryUsage": {
      "rss": 266240,
      "heapTotal": 0,
      "heapUsed": 161688,
      "external": 96
    },
    "hrtime": 4566405
  }
}
