{
  "time": 1557237484192,
  "initialization": {
    "cpuUsage": {
      "user": 16000,
      "system": 4000
    },
    "memoryUsage": {
      "rss": 2662400,
      "heapTotal": 6856704,
      "heapUsed": 2655336,
      "external": 126222
    },
    "hrtime": 48158050
  },
  "execution": {
    "cpuUsage": {
      "user": 4000,
      "system": 0
    },
    "memoryUsage": {
      "rss": 286720,
      "heapTotal": 0,
      "heapUsed": 157736,
      "external": 96
    },
    "hrtime": 4058302
  }
}
