{
  "time": 1557236817194,
  "initialization": {
    "cpuUsage": {
      "user": 24000,
      "system": 4000
    },
    "memoryUsage": {
      "rss": 2658304,
      "heapTotal": 6332416,
      "heapUsed": 3054120,
      "external": 195381
    },
    "hrtime": 50628043
  },
  "execution": {
    "cpuUsage": {
      "user": 4000,
      "system": 0
    },
    "memoryUsage": {
      "rss": 274432,
      "heapTotal": 0,
      "heapUsed": 174240,
      "external": 96
    },
    "hrtime": 4392654
  }
}
