{
  "time": 1557237495016,
  "initialization": {
    "cpuUsage": {
      "user": 16000,
      "system": 12000
    },
    "memoryUsage": {
      "rss": 2596864,
      "heapTotal": 6332416,
      "heapUsed": 2736896,
      "external": 180710
    },
    "hrtime": 54842324
  },
  "execution": {
    "cpuUsage": {
      "user": 4000,
      "system": 0
    },
    "memoryUsage": {
      "rss": 212992,
      "heapTotal": 0,
      "heapUsed": 162824,
      "external": 96
    },
    "hrtime": 4328821
  }
}
