{
  "time": 1555322458550,
  "initialization": {
    "cpuUsage": {
      "user": 16000,
      "system": 4000
    },
    "memoryUsage": {
      "rss": 2670592,
      "heapTotal": 5808128,
      "heapUsed": 2542096,
      "external": 115103
    },
    "hrtime": 36383051
  },
  "execution": {
    "cpuUsage": {
      "user": 4000,
      "system": 0
    },
    "memoryUsage": {
      "rss": 294912,
      "heapTotal": 0,
      "heapUsed": 158280,
      "external": 96
    },
    "hrtime": 4607298
  }
}
