{
  "time": 1555322536699,
  "initialization": {
    "cpuUsage": {
      "user": 20000,
      "system": 4000
    },
    "memoryUsage": {
      "rss": 2662400,
      "heapTotal": 6332416,
      "heapUsed": 3055928,
      "external": 194907
    },
    "hrtime": 50580587
  },
  "execution": {
    "cpuUsage": {
      "user": 4000,
      "system": 0
    },
    "memoryUsage": {
      "rss": 274432,
      "heapTotal": 0,
      "heapUsed": 160280,
      "external": 96
    },
    "hrtime": 4190990
  }
}
