{
  "time": 1557237645093,
  "initialization": {
    "cpuUsage": {
      "user": 24000,
      "system": 4000
    },
    "memoryUsage": {
      "rss": 2662400,
      "heapTotal": 6332416,
      "heapUsed": 2464168,
      "external": 119281
    },
    "hrtime": 51276710
  },
  "execution": {
    "cpuUsage": {
      "user": 0,
      "system": 4000
    },
    "memoryUsage": {
      "rss": 241664,
      "heapTotal": 0,
      "heapUsed": 182520,
      "external": 96
    },
    "hrtime": 7122007
  }
}
