{
  "time": 1557237618458,
  "initialization": {
    "cpuUsage": {
      "user": 24000,
      "system": 8000
    },
    "memoryUsage": {
      "rss": 2928640,
      "heapTotal": 5808128,
      "heapUsed": 2946496,
      "external": 189745
    },
    "hrtime": 59448771
  },
  "execution": {
    "cpuUsage": {
      "user": 4000,
      "system": 0
    },
    "memoryUsage": {
      "rss": 274432,
      "heapTotal": 0,
      "heapUsed": 169160,
      "external": 96
    },
    "hrtime": 4282807
  }
}
