{
  "time": 1557236837928,
  "initialization": {
    "cpuUsage": {
      "user": 24000,
      "system": 8000
    },
    "memoryUsage": {
      "rss": 2396160,
      "heapTotal": 7380992,
      "heapUsed": 2743224,
      "external": 171754
    },
    "hrtime": 59235042
  },
  "execution": {
    "cpuUsage": {
      "user": 4000,
      "system": 0
    },
    "memoryUsage": {
      "rss": 237568,
      "heapTotal": 0,
      "heapUsed": 161664,
      "external": 96
    },
    "hrtime": 4201973
  }
}
