{
  "time": 1557237517568,
  "initialization": {
    "cpuUsage": {
      "user": 20000,
      "system": 4000
    },
    "memoryUsage": {
      "rss": 2752512,
      "heapTotal": 6332416,
      "heapUsed": 2738728,
      "external": 196401
    },
    "hrtime": 46794050
  },
  "execution": {
    "cpuUsage": {
      "user": 4000,
      "system": 0
    },
    "memoryUsage": {
      "rss": 212992,
      "heapTotal": 0,
      "heapUsed": 168712,
      "external": 96
    },
    "hrtime": 4161897
  }
}
