{
  "time": 1557237472625,
  "initialization": {
    "cpuUsage": {
      "user": 28000,
      "system": 4000
    },
    "memoryUsage": {
      "rss": 2121728,
      "heapTotal": 5808128,
      "heapUsed": 2212848,
      "external": 119503
    },
    "hrtime": 54976598
  },
  "execution": {
    "cpuUsage": {
      "user": 4000,
      "system": 0
    },
    "memoryUsage": {
      "rss": 241664,
      "heapTotal": 0,
      "heapUsed": 157752,
      "external": 96
    },
    "hrtime": 6685983
  }
}
