{
  "time": 1555322549835,
  "initialization": {
    "cpuUsage": {
      "user": 28000,
      "system": 4000
    },
    "memoryUsage": {
      "rss": 2695168,
      "heapTotal": 6856704,
      "heapUsed": 3081680,
      "external": 205101
    },
    "hrtime": 56824709
  },
  "execution": {
    "cpuUsage": {
      "user": 4000,
      "system": 0
    },
    "memoryUsage": {
      "rss": 180224,
      "heapTotal": 0,
      "heapUsed": 156408,
      "external": 96
    },
    "hrtime": 4401130
  }
}
