{
  "time": 1557237488286,
  "initialization": {
    "cpuUsage": {
      "user": 24000,
      "system": 8000
    },
    "memoryUsage": {
      "rss": 2383872,
      "heapTotal": 6332416,
      "heapUsed": 2608680,
      "external": 164416
    },
    "hrtime": 49948149
  },
  "execution": {
    "cpuUsage": {
      "user": 8000,
      "system": 0
    },
    "memoryUsage": {
      "rss": 233472,
      "heapTotal": 0,
      "heapUsed": 163080,
      "external": 96
    },
    "hrtime": 6447995
  }
}
