{
  "time": 1555322478176,
  "initialization": {
    "cpuUsage": {
      "user": 16000,
      "system": 4000
    },
    "memoryUsage": {
      "rss": 2392064,
      "heapTotal": 5808128,
      "heapUsed": 2119672,
      "external": 114079
    },
    "hrtime": 41021307
  },
  "execution": {
    "cpuUsage": {
      "user": 4000,
      "system": 0
    },
    "memoryUsage": {
      "rss": 241664,
      "heapTotal": 0,
      "heapUsed": 158352,
      "external": 96
    },
    "hrtime": 4338133
  }
}
