{
  "time": 1555322431537,
  "initialization": {
    "cpuUsage": {
      "user": 24000,
      "system": 4000
    },
    "memoryUsage": {
      "rss": 2400256,
      "heapTotal": 6332416,
      "heapUsed": 2717000,
      "external": 172038
    },
    "hrtime": 59509972
  },
  "execution": {
    "cpuUsage": {
      "user": 4000,
      "system": 0
    },
    "memoryUsage": {
      "rss": 237568,
      "heapTotal": 0,
      "heapUsed": 165528,
      "external": 96
    },
    "hrtime": 4348646
  }
}
