{
  "time": 1555322444764,
  "initialization": {
    "cpuUsage": {
      "user": 20000,
      "system": 8000
    },
    "memoryUsage": {
      "rss": 2969600,
      "heapTotal": 6856704,
      "heapUsed": 3090288,
      "external": 205239
    },
    "hrtime": 43882306
  },
  "execution": {
    "cpuUsage": {
      "user": 4000,
      "system": 0
    },
    "memoryUsage": {
      "rss": 208896,
      "heapTotal": 0,
      "heapUsed": 183520,
      "external": 96
    },
    "hrtime": 4442845
  }
}
