{
  "time": 1555322433847,
  "initialization": {
    "cpuUsage": {
      "user": 20000,
      "system": 4000
    },
    "memoryUsage": {
      "rss": 2932736,
      "heapTotal": 6332416,
      "heapUsed": 2967008,
      "external": 189653
    },
    "hrtime": 43406508
  },
  "execution": {
    "cpuUsage": {
      "user": 4000,
      "system": 0
    },
    "memoryUsage": {
      "rss": 274432,
      "heapTotal": 0,
      "heapUsed": 182288,
      "external": 96
    },
    "hrtime": 4386235
  }
}
