{
  "time": 1555322485086,
  "initialization": {
    "cpuUsage": {
      "user": 24000,
      "system": 4000
    },
    "memoryUsage": {
      "rss": 2834432,
      "heapTotal": 6332416,
      "heapUsed": 2649776,
      "external": 130201
    },
    "hrtime": 55555470
  },
  "execution": {
    "cpuUsage": {
      "user": 8000,
      "system": 0
    },
    "memoryUsage": {
      "rss": 208896,
      "heapTotal": 0,
      "heapUsed": 182296,
      "external": 96
    },
    "hrtime": 5188852
  }
}
