{
  "time": 1555322472317,
  "initialization": {
    "cpuUsage": {
      "user": 16000,
      "system": 12000
    },
    "memoryUsage": {
      "rss": 2850816,
      "heapTotal": 6332416,
      "heapUsed": 2669136,
      "external": 134681
    },
    "hrtime": 50462698
  },
  "execution": {
    "cpuUsage": {
      "user": 4000,
      "system": 0
    },
    "memoryUsage": {
      "rss": 208896,
      "heapTotal": 0,
      "heapUsed": 182544,
      "external": 96
    },
    "hrtime": 4939500
  }
}
