{
  "time": 1555322562781,
  "initialization": {
    "cpuUsage": {
      "user": 24000,
      "system": 4000
    },
    "memoryUsage": {
      "rss": 2392064,
      "heapTotal": 5808128,
      "heapUsed": 2690896,
      "external": 171432
    },
    "hrtime": 56437703
  },
  "execution": {
    "cpuUsage": {
      "user": 0,
      "system": 4000
    },
    "memoryUsage": {
      "rss": 258048,
      "heapTotal": 0,
      "heapUsed": 173088,
      "external": 96
    },
    "hrtime": 4214430
  }
}
