{
  "time": 1555322456973,
  "initialization": {
    "cpuUsage": {
      "user": 24000,
      "system": 4000
    },
    "memoryUsage": {
      "rss": 2654208,
      "heapTotal": 6332416,
      "heapUsed": 2975432,
      "external": 171570
    },
    "hrtime": 57996117
  },
  "execution": {
    "cpuUsage": {
      "user": 4000,
      "system": 0
    },
    "memoryUsage": {
      "rss": 245760,
      "heapTotal": 0,
      "heapUsed": 161432,
      "external": 96
    },
    "hrtime": 4653691
  }
}
