{
  "time": 1555322477433,
  "initialization": {
    "cpuUsage": {
      "user": 20000,
      "system": 4000
    },
    "memoryUsage": {
      "rss": 2568192,
      "heapTotal": 7380992,
      "heapUsed": 2228936,
      "external": 129136
    },
    "hrtime": 44527316
  },
  "execution": {
    "cpuUsage": {
      "user": 4000,
      "system": 0
    },
    "memoryUsage": {
      "rss": 217088,
      "heapTotal": 0,
      "heapUsed": 160424,
      "external": 96
    },
    "hrtime": 4110774
  }
}
