{
  "time": 1555322463864,
  "initialization": {
    "cpuUsage": {
      "user": 24000,
      "system": 4000
    },
    "memoryUsage": {
      "rss": 2387968,
      "heapTotal": 5808128,
      "heapUsed": 2100640,
      "external": 114125
    },
    "hrtime": 59835556
  },
  "execution": {
    "cpuUsage": {
      "user": 4000,
      "system": 0
    },
    "memoryUsage": {
      "rss": 241664,
      "heapTotal": 0,
      "heapUsed": 160592,
      "external": 96
    },
    "hrtime": 4419921
  }
}
