{
  "time": 1557236797192,
  "initialization": {
    "cpuUsage": {
      "user": 52000,
      "system": 4000
    },
    "memoryUsage": {
      "rss": 4603904,
      "heapTotal": 7380992,
      "heapUsed": 4846328,
      "external": 555457
    },
    "hrtime": 113153895
  },
  "execution": {
    "cpuUsage": {
      "user": 4000,
      "system": 0
    },
    "memoryUsage": {
      "rss": 245760,
      "heapTotal": 0,
      "heapUsed": 168408,
      "external": 96
    },
    "hrtime": 4382680
  }
}
