{
  "time": 1555322489526,
  "initialization": {
    "cpuUsage": {
      "user": 20000,
      "system": 16000
    },
    "memoryUsage": {
      "rss": 2703360,
      "heapTotal": 7905280,
      "heapUsed": 2550384,
      "external": 114793
    },
    "hrtime": 58599816
  },
  "execution": {
    "cpuUsage": {
      "user": 4000,
      "system": 0
    },
    "memoryUsage": {
      "rss": 241664,
      "heapTotal": 0,
      "heapUsed": 158224,
      "external": 96
    },
    "hrtime": 4444192
  }
}
