{
  "time": 1555322518792,
  "initialization": {
    "cpuUsage": {
      "user": 16000,
      "system": 8000
    },
    "memoryUsage": {
      "rss": 2654208,
      "heapTotal": 6332416,
      "heapUsed": 2713416,
      "external": 171708
    },
    "hrtime": 49879111
  },
  "execution": {
    "cpuUsage": {
      "user": 4000,
      "system": 0
    },
    "memoryUsage": {
      "rss": 233472,
      "heapTotal": 0,
      "heapUsed": 166032,
      "external": 96
    },
    "hrtime": 4505648
  }
}
