{
  "time": 1557237464725,
  "initialization": {
    "cpuUsage": {
      "user": 24000,
      "system": 4000
    },
    "memoryUsage": {
      "rss": 2277376,
      "heapTotal": 6332416,
      "heapUsed": 2254208,
      "external": 129573
    },
    "hrtime": 46983640
  },
  "execution": {
    "cpuUsage": {
      "user": 4000,
      "system": 0
    },
    "memoryUsage": {
      "rss": 217088,
      "heapTotal": 0,
      "heapUsed": 161392,
      "external": 96
    },
    "hrtime": 4734928
  }
}
