{
  "time": 1555322561054,
  "initialization": {
    "cpuUsage": {
      "user": 16000,
      "system": 8000
    },
    "memoryUsage": {
      "rss": 2392064,
      "heapTotal": 7380992,
      "heapUsed": 2695032,
      "external": 164782
    },
    "hrtime": 46405699
  },
  "execution": {
    "cpuUsage": {
      "user": 4000,
      "system": 0
    },
    "memoryUsage": {
      "rss": 237568,
      "heapTotal": 0,
      "heapUsed": 183792,
      "external": 96
    },
    "hrtime": 5060330
  }
}
