{
  "time": 1555322483195,
  "initialization": {
    "cpuUsage": {
      "user": 32000,
      "system": 4000
    },
    "memoryUsage": {
      "rss": 2699264,
      "heapTotal": 7380992,
      "heapUsed": 2595808,
      "external": 120577
    },
    "hrtime": 73506658
  },
  "execution": {
    "cpuUsage": {
      "user": 4000,
      "system": 0
    },
    "memoryUsage": {
      "rss": 237568,
      "heapTotal": 0,
      "heapUsed": 160280,
      "external": 96
    },
    "hrtime": 5761789
  }
}
