{
  "time": 1555322466249,
  "initialization": {
    "cpuUsage": {
      "user": 12000,
      "system": 8000
    },
    "memoryUsage": {
      "rss": 2707456,
      "heapTotal": 5808128,
      "heapUsed": 2550784,
      "external": 118438
    },
    "hrtime": 52310771
  },
  "execution": {
    "cpuUsage": {
      "user": 4000,
      "system": 0
    },
    "memoryUsage": {
      "rss": 241664,
      "heapTotal": 0,
      "heapUsed": 186608,
      "external": 96
    },
    "hrtime": 4997866
  }
}
