{
  "time": 1557237524466,
  "initialization": {
    "cpuUsage": {
      "user": 20000,
      "system": 4000
    },
    "memoryUsage": {
      "rss": 2392064,
      "heapTotal": 5808128,
      "heapUsed": 2179704,
      "external": 114079
    },
    "hrtime": 60579613
  },
  "execution": {
    "cpuUsage": {
      "user": 4000,
      "system": 0
    },
    "memoryUsage": {
      "rss": 245760,
      "heapTotal": 0,
      "heapUsed": 162200,
      "external": 96
    },
    "hrtime": 4090116
  }
}
