{
  "time": 1555322457728,
  "initialization": {
    "cpuUsage": {
      "user": 24000,
      "system": 4000
    },
    "memoryUsage": {
      "rss": 2682880,
      "heapTotal": 6332416,
      "heapUsed": 2954248,
      "external": 189171
    },
    "hrtime": 60347256
  },
  "execution": {
    "cpuUsage": {
      "user": 0,
      "system": 4000
    },
    "memoryUsage": {
      "rss": 270336,
      "heapTotal": 0,
      "heapUsed": 162992,
      "external": 96
    },
    "hrtime": 4438009
  }
}
