{
  "time": 1557236839456,
  "initialization": {
    "cpuUsage": {
      "user": 32000,
      "system": 0
    },
    "memoryUsage": {
      "rss": 2658304,
      "heapTotal": 5808128,
      "heapUsed": 3055152,
      "external": 196017
    },
    "hrtime": 68443035
  },
  "execution": {
    "cpuUsage": {
      "user": 4000,
      "system": 0
    },
    "memoryUsage": {
      "rss": 294912,
      "heapTotal": 524288,
      "heapUsed": 159160,
      "external": 96
    },
    "hrtime": 4677850
  }
}
