{
  "time": 1557236804357,
  "initialization": {
    "cpuUsage": {
      "user": 20000,
      "system": 12000
    },
    "memoryUsage": {
      "rss": 2412544,
      "heapTotal": 6332416,
      "heapUsed": 2608288,
      "external": 165850
    },
    "hrtime": 69458119
  },
  "execution": {
    "cpuUsage": {
      "user": 4000,
      "system": 0
    },
    "memoryUsage": {
      "rss": 233472,
      "heapTotal": 0,
      "heapUsed": 160936,
      "external": 96
    },
    "hrtime": 4416187
  }
}
