{
  "time": 1557236844822,
  "initialization": {
    "cpuUsage": {
      "user": 36000,
      "system": 20000
    },
    "memoryUsage": {
      "rss": 4362240,
      "heapTotal": 6856704,
      "heapUsed": 4585960,
      "external": 554981
    },
    "hrtime": 121485790
  },
  "execution": {
    "cpuUsage": {
      "user": 4000,
      "system": 0
    },
    "memoryUsage": {
      "rss": 241664,
      "heapTotal": 0,
      "heapUsed": 158480,
      "external": 96
    },
    "hrtime": 4771768
  }
}
