{
  "time": 1557236848853,
  "initialization": {
    "cpuUsage": {
      "user": 20000,
      "system": 12000
    },
    "memoryUsage": {
      "rss": 2666496,
      "heapTotal": 6332416,
      "heapUsed": 3041392,
      "external": 195029
    },
    "hrtime": 68054168
  },
  "execution": {
    "cpuUsage": {
      "user": 8000,
      "system": 0
    },
    "memoryUsage": {
      "rss": 274432,
      "heapTotal": 0,
      "heapUsed": 170720,
      "external": 96
    },
    "hrtime": 4623308
  }
}
