{
  "time": 1555322461929,
  "initialization": {
    "cpuUsage": {
      "user": 8000,
      "system": 16000
    },
    "memoryUsage": {
      "rss": 2555904,
      "heapTotal": 6856704,
      "heapUsed": 2742704,
      "external": 180842
    },
    "hrtime": 59728200
  },
  "execution": {
    "cpuUsage": {
      "user": 4000,
      "system": 0
    },
    "memoryUsage": {
      "rss": 212992,
      "heapTotal": 0,
      "heapUsed": 162864,
      "external": 96
    },
    "hrtime": 4388132
  }
}
