{
  "time": 1557237142466,
  "initialization": {
    "cpuUsage": {
      "user": 28000,
      "system": 0
    },
    "memoryUsage": {
      "rss": 1179648,
      "heapTotal": 4718592,
      "heapUsed": 526896,
      "external": 58635
    },
    "hrtime": 36056253
  },
  "execution": {
    "cpuUsage": {
      "user": 0,
      "system": 4000
    },
    "memoryUsage": {
      "rss": 126976,
      "heapTotal": 524288,
      "heapUsed": 170992,
      "external": 96
    },
    "hrtime": 4799869
  }
}
