{
  "time": 1557237466203,
  "initialization": {
    "cpuUsage": {
      "user": 24000,
      "system": 4000
    },
    "memoryUsage": {
      "rss": 2387968,
      "heapTotal": 5283840,
      "heapUsed": 2666512,
      "external": 185489
    },
    "hrtime": 47686353
  },
  "execution": {
    "cpuUsage": {
      "user": 4000,
      "system": 0
    },
    "memoryUsage": {
      "rss": 503808,
      "heapTotal": 0,
      "heapUsed": 452792,
      "external": 96
    },
    "hrtime": 5455097
  }
}
