{
  "time": 1557237526874,
  "initialization": {
    "cpuUsage": {
      "user": 24000,
      "system": 4000
    },
    "memoryUsage": {
      "rss": 2392064,
      "heapTotal": 6856704,
      "heapUsed": 2700928,
      "external": 186833
    },
    "hrtime": 58281944
  },
  "execution": {
    "cpuUsage": {
      "user": 4000,
      "system": 0
    },
    "memoryUsage": {
      "rss": 245760,
      "heapTotal": 0,
      "heapUsed": 174888,
      "external": 96
    },
    "hrtime": 4325434
  }
}
