{
  "time": 1555322463496,
  "initialization": {
    "cpuUsage": {
      "user": 32000,
      "system": 20000
    },
    "memoryUsage": {
      "rss": 3469312,
      "heapTotal": 6332416,
      "heapUsed": 4179424,
      "external": 488312
    },
    "hrtime": 113932397
  },
  "execution": {
    "cpuUsage": {
      "user": 8000,
      "system": 0
    },
    "memoryUsage": {
      "rss": 241664,
      "heapTotal": 0,
      "heapUsed": 159728,
      "external": 96
    },
    "hrtime": 5757403
  }
}
