{
  "time": 1557236826724,
  "initialization": {
    "cpuUsage": {
      "user": 20000,
      "system": 8000
    },
    "memoryUsage": {
      "rss": 2387968,
      "heapTotal": 6332416,
      "heapUsed": 2712344,
      "external": 171708
    },
    "hrtime": 57846386
  },
  "execution": {
    "cpuUsage": {
      "user": 4000,
      "system": 0
    },
    "memoryUsage": {
      "rss": 233472,
      "heapTotal": 0,
      "heapUsed": 165752,
      "external": 96
    },
    "hrtime": 5093737
  }
}
