{
  "time": 1555322425041,
  "initialization": {
    "cpuUsage": {
      "user": 40000,
      "system": 12000
    },
    "memoryUsage": {
      "rss": 4288512,
      "heapTotal": 6332416,
      "heapUsed": 4234720,
      "external": 497226
    },
    "hrtime": 104609940
  },
  "execution": {
    "cpuUsage": {
      "user": 0,
      "system": 4000
    },
    "memoryUsage": {
      "rss": 237568,
      "heapTotal": 0,
      "heapUsed": 159384,
      "external": 96
    },
    "hrtime": 4856374
  }
}
