{
  "time": 1557237490113,
  "initialization": {
    "cpuUsage": {
      "user": 20000,
      "system": 4000
    },
    "memoryUsage": {
      "rss": 2125824,
      "heapTotal": 5808128,
      "heapUsed": 2208024,
      "external": 120167
    },
    "hrtime": 42426598
  },
  "execution": {
    "cpuUsage": {
      "user": 0,
      "system": 4000
    },
    "memoryUsage": {
      "rss": 241664,
      "heapTotal": 0,
      "heapUsed": 160576,
      "external": 96
    },
    "hrtime": 4176025
  }
}
