{
  "time": 1557237482424,
  "initialization": {
    "cpuUsage": {
      "user": 32000,
      "system": 24000
    },
    "memoryUsage": {
      "rss": 3903488,
      "heapTotal": 6332416,
      "heapUsed": 4125104,
      "external": 473494
    },
    "hrtime": 120950783
  },
  "execution": {
    "cpuUsage": {
      "user": 4000,
      "system": 0
    },
    "memoryUsage": {
      "rss": 245760,
      "heapTotal": 0,
      "heapUsed": 181704,
      "external": 96
    },
    "hrtime": 5376326
  }
}
