{
  "time": 1555322546858,
  "initialization": {
    "cpuUsage": {
      "user": 56000,
      "system": 8000
    },
    "memoryUsage": {
      "rss": 4448256,
      "heapTotal": 6332416,
      "heapUsed": 4593720,
      "external": 563131
    },
    "hrtime": 130931227
  },
  "execution": {
    "cpuUsage": {
      "user": 8000,
      "system": 0
    },
    "memoryUsage": {
      "rss": 245760,
      "heapTotal": 0,
      "heapUsed": 182888,
      "external": 96
    },
    "hrtime": 6888389
  }
}
