{
  "time": 1555322488299,
  "initialization": {
    "cpuUsage": {
      "user": 40000,
      "system": 4000
    },
    "memoryUsage": {
      "rss": 3723264,
      "heapTotal": 5808128,
      "heapUsed": 4066888,
      "external": 473692
    },
    "hrtime": 74467012
  },
  "execution": {
    "cpuUsage": {
      "user": 0,
      "system": 4000
    },
    "memoryUsage": {
      "rss": 241664,
      "heapTotal": 0,
      "heapUsed": 160616,
      "external": 96
    },
    "hrtime": 5117617
  }
}
