{
  "time": 1555322550771,
  "initialization": {
    "cpuUsage": {
      "user": 24000,
      "system": 8000
    },
    "memoryUsage": {
      "rss": 2658304,
      "heapTotal": 7380992,
      "heapUsed": 3038416,
      "external": 170990
    },
    "hrtime": 60629035
  },
  "execution": {
    "cpuUsage": {
      "user": 4000,
      "system": 0
    },
    "memoryUsage": {
      "rss": 245760,
      "heapTotal": 0,
      "heapUsed": 172680,
      "external": 96
    },
    "hrtime": 4440370
  }
}
