{
  "time": 1555322427125,
  "initialization": {
    "cpuUsage": {
      "user": 48000,
      "system": 8000
    },
    "memoryUsage": {
      "rss": 4616192,
      "heapTotal": 6856704,
      "heapUsed": 4882736,
      "external": 565225
    },
    "hrtime": 93907992
  },
  "execution": {
    "cpuUsage": {
      "user": 8000,
      "system": 0
    },
    "memoryUsage": {
      "rss": 245760,
      "heapTotal": 0,
      "heapUsed": 183024,
      "external": 96
    },
    "hrtime": 6940086
  }
}
