{
  "time": 1555322444429,
  "initialization": {
    "cpuUsage": {
      "user": 24000,
      "system": 4000
    },
    "memoryUsage": {
      "rss": 2392064,
      "heapTotal": 6332416,
      "heapUsed": 2703808,
      "external": 171478
    },
    "hrtime": 59847896
  },
  "execution": {
    "cpuUsage": {
      "user": 0,
      "system": 4000
    },
    "memoryUsage": {
      "rss": 237568,
      "heapTotal": 0,
      "heapUsed": 165048,
      "external": 96
    },
    "hrtime": 4553705
  }
}
