{
  "time": 1557236798948,
  "initialization": {
    "cpuUsage": {
      "user": 52000,
      "system": 4000
    },
    "memoryUsage": {
      "rss": 4026368,
      "heapTotal": 7905280,
      "heapUsed": 4524056,
      "external": 549417
    },
    "hrtime": 96484361
  },
  "execution": {
    "cpuUsage": {
      "user": 4000,
      "system": 0
    },
    "memoryUsage": {
      "rss": 237568,
      "heapTotal": 0,
      "heapUsed": 158384,
      "external": 96
    },
    "hrtime": 4927492
  }
}
