{
  "time": 1555322474720,
  "initialization": {
    "cpuUsage": {
      "user": 24000,
      "system": 8000
    },
    "memoryUsage": {
      "rss": 2949120,
      "heapTotal": 6856704,
      "heapUsed": 3015536,
      "external": 180445
    },
    "hrtime": 55765096
  },
  "execution": {
    "cpuUsage": {
      "user": 4000,
      "system": 0
    },
    "memoryUsage": {
      "rss": 241664,
      "heapTotal": 0,
      "heapUsed": 160680,
      "external": 96
    },
    "hrtime": 4513024
  }
}
