{
  "time": 1557236817608,
  "initialization": {
    "cpuUsage": {
      "user": 24000,
      "system": 4000
    },
    "memoryUsage": {
      "rss": 2392064,
      "heapTotal": 7380992,
      "heapUsed": 2711296,
      "external": 165758
    },
    "hrtime": 52981615
  },
  "execution": {
    "cpuUsage": {
      "user": 4000,
      "system": 0
    },
    "memoryUsage": {
      "rss": 237568,
      "heapTotal": 0,
      "heapUsed": 186384,
      "external": 96
    },
    "hrtime": 5256727
  }
}
