{
  "time": 1555322431150,
  "initialization": {
    "cpuUsage": {
      "user": 16000,
      "system": 8000
    },
    "memoryUsage": {
      "rss": 2912256,
      "heapTotal": 6856704,
      "heapUsed": 3087752,
      "external": 205193
    },
    "hrtime": 53025439
  },
  "execution": {
    "cpuUsage": {
      "user": 0,
      "system": 4000
    },
    "memoryUsage": {
      "rss": 204800,
      "heapTotal": 0,
      "heapUsed": 161280,
      "external": 96
    },
    "hrtime": 4495241
  }
}
