{
  "time": 1557236796359,
  "initialization": {
    "cpuUsage": {
      "user": 16000,
      "system": 4000
    },
    "memoryUsage": {
      "rss": 2396160,
      "heapTotal": 7380992,
      "heapUsed": 2268528,
      "external": 119765
    },
    "hrtime": 46218842
  },
  "execution": {
    "cpuUsage": {
      "user": 4000,
      "system": 0
    },
    "memoryUsage": {
      "rss": 237568,
      "heapTotal": 0,
      "heapUsed": 186264,
      "external": 96
    },
    "hrtime": 5754291
  }
}
