{
  "time": 1557236795636,
  "initialization": {
    "cpuUsage": {
      "user": 36000,
      "system": 12000
    },
    "memoryUsage": {
      "rss": 4075520,
      "heapTotal": 6332416,
      "heapUsed": 4513584,
      "external": 549639
    },
    "hrtime": 74962971
  },
  "execution": {
    "cpuUsage": {
      "user": 4000,
      "system": 0
    },
    "memoryUsage": {
      "rss": 237568,
      "heapTotal": 0,
      "heapUsed": 171784,
      "external": 96
    },
    "hrtime": 5198426
  }
}
