{
  "time": 1557237512520,
  "initialization": {
    "cpuUsage": {
      "user": 16000,
      "system": 4000
    },
    "memoryUsage": {
      "rss": 2396160,
      "heapTotal": 5808128,
      "heapUsed": 2194792,
      "external": 114309
    },
    "hrtime": 42730524
  },
  "execution": {
    "cpuUsage": {
      "user": 4000,
      "system": 0
    },
    "memoryUsage": {
      "rss": 245760,
      "heapTotal": 0,
      "heapUsed": 160888,
      "external": 96
    },
    "hrtime": 4582309
  }
}
