{
  "time": 1555322528951,
  "initialization": {
    "cpuUsage": {
      "user": 16000,
      "system": 8000
    },
    "memoryUsage": {
      "rss": 2793472,
      "heapTotal": 7380992,
      "heapUsed": 3162552,
      "external": 196733
    },
    "hrtime": 46714654
  },
  "execution": {
    "cpuUsage": {
      "user": 4000,
      "system": 0
    },
    "memoryUsage": {
      "rss": 204800,
      "heapTotal": 0,
      "heapUsed": 156408,
      "external": 96
    },
    "hrtime": 3965838
  }
}
