{
  "time": 1557236970173,
  "initialization": {
    "cpuUsage": {
      "user": 20000,
      "system": 4000
    },
    "memoryUsage": {
      "rss": 1036288,
      "heapTotal": 4718592,
      "heapUsed": 555584,
      "external": 67310
    },
    "hrtime": 41352264
  },
  "execution": {
    "cpuUsage": {
      "user": 0,
      "system": 4000
    },
    "memoryUsage": {
      "rss": 241664,
      "heapTotal": 524288,
      "heapUsed": 429520,
      "external": 96
    },
    "hrtime": 4485858
  }
}
