{
  "time": 1555322467053,
  "initialization": {
    "cpuUsage": {
      "user": 48000,
      "system": 12000
    },
    "memoryUsage": {
      "rss": 4173824,
      "heapTotal": 6856704,
      "heapUsed": 4636464,
      "external": 565225
    },
    "hrtime": 111451324
  },
  "execution": {
    "cpuUsage": {
      "user": 4000,
      "system": 4000
    },
    "memoryUsage": {
      "rss": 241664,
      "heapTotal": 0,
      "heapUsed": 185656,
      "external": 96
    },
    "hrtime": 4662882
  }
}
