{
  "time": 1555322477093,
  "initialization": {
    "cpuUsage": {
      "user": 24000,
      "system": 4000
    },
    "memoryUsage": {
      "rss": 2981888,
      "heapTotal": 6856704,
      "heapUsed": 3084392,
      "external": 197093
    },
    "hrtime": 50840286
  },
  "execution": {
    "cpuUsage": {
      "user": 4000,
      "system": 0
    },
    "memoryUsage": {
      "rss": 204800,
      "heapTotal": 0,
      "heapUsed": 161728,
      "external": 96
    },
    "hrtime": 5058404
  }
}
