{
  "time": 1555322451428,
  "initialization": {
    "cpuUsage": {
      "user": 28000,
      "system": 8000
    },
    "memoryUsage": {
      "rss": 2666496,
      "heapTotal": 6332416,
      "heapUsed": 3055280,
      "external": 195741
    },
    "hrtime": 55753660
  },
  "execution": {
    "cpuUsage": {
      "user": 4000,
      "system": 0
    },
    "memoryUsage": {
      "rss": 290816,
      "heapTotal": 0,
      "heapUsed": 169312,
      "external": 96
    },
    "hrtime": 4557284
  }
}
