{
  "time": 1555322467761,
  "initialization": {
    "cpuUsage": {
      "user": 20000,
      "system": 4000
    },
    "memoryUsage": {
      "rss": 2842624,
      "heapTotal": 6332416,
      "heapUsed": 3075904,
      "external": 196645
    },
    "hrtime": 39051973
  },
  "execution": {
    "cpuUsage": {
      "user": 4000,
      "system": 0
    },
    "memoryUsage": {
      "rss": 204800,
      "heapTotal": 0,
      "heapUsed": 161288,
      "external": 96
    },
    "hrtime": 4741153
  }
}
