{
  "time": 1555322475414,
  "initialization": {
    "cpuUsage": {
      "user": 20000,
      "system": 4000
    },
    "memoryUsage": {
      "rss": 2146304,
      "heapTotal": 7380992,
      "heapUsed": 2261648,
      "external": 113857
    },
    "hrtime": 47976442
  },
  "execution": {
    "cpuUsage": {
      "user": 0,
      "system": 4000
    },
    "memoryUsage": {
      "rss": 241664,
      "heapTotal": 0,
      "heapUsed": 160784,
      "external": 96
    },
    "hrtime": 4643945
  }
}
