{
  "time": 1557237486412,
  "initialization": {
    "cpuUsage": {
      "user": 16000,
      "system": 12000
    },
    "memoryUsage": {
      "rss": 2600960,
      "heapTotal": 7380992,
      "heapUsed": 2747304,
      "external": 180578
    },
    "hrtime": 48715968
  },
  "execution": {
    "cpuUsage": {
      "user": 4000,
      "system": 0
    },
    "memoryUsage": {
      "rss": 212992,
      "heapTotal": 0,
      "heapUsed": 172600,
      "external": 96
    },
    "hrtime": 4520632
  }
}
