{
  "time": 1555322476759,
  "initialization": {
    "cpuUsage": {
      "user": 16000,
      "system": 8000
    },
    "memoryUsage": {
      "rss": 2396160,
      "heapTotal": 5808128,
      "heapUsed": 2100328,
      "external": 114589
    },
    "hrtime": 46895465
  },
  "execution": {
    "cpuUsage": {
      "user": 4000,
      "system": 0
    },
    "memoryUsage": {
      "rss": 237568,
      "heapTotal": 0,
      "heapUsed": 158072,
      "external": 96
    },
    "hrtime": 4412262
  }
}
