{
  "time": 1557236835395,
  "initialization": {
    "cpuUsage": {
      "user": 24000,
      "system": 12000
    },
    "memoryUsage": {
      "rss": 2412544,
      "heapTotal": 6332416,
      "heapUsed": 2701648,
      "external": 171122
    },
    "hrtime": 65229363
  },
  "execution": {
    "cpuUsage": {
      "user": 4000,
      "system": 0
    },
    "memoryUsage": {
      "rss": 237568,
      "heapTotal": 0,
      "heapUsed": 164440,
      "external": 96
    },
    "hrtime": 4103238
  }
}
