{
  "time": 1555322430453,
  "initialization": {
    "cpuUsage": {
      "user": 16000,
      "system": 12000
    },
    "memoryUsage": {
      "rss": 2654208,
      "heapTotal": 5808128,
      "heapUsed": 2586888,
      "external": 165666
    },
    "hrtime": 58871048
  },
  "execution": {
    "cpuUsage": {
      "user": 8000,
      "system": 0
    },
    "memoryUsage": {
      "rss": 237568,
      "heapTotal": 0,
      "heapUsed": 186648,
      "external": 96
    },
    "hrtime": 4522546
  }
}
