{
  "time": 1557236839024,
  "initialization": {
    "cpuUsage": {
      "user": 16000,
      "system": 12000
    },
    "memoryUsage": {
      "rss": 2457600,
      "heapTotal": 7905280,
      "heapUsed": 2774264,
      "external": 180765
    },
    "hrtime": 55579091
  },
  "execution": {
    "cpuUsage": {
      "user": 4000,
      "system": 0
    },
    "memoryUsage": {
      "rss": 212992,
      "heapTotal": 0,
      "heapUsed": 158816,
      "external": 96
    },
    "hrtime": 4238661
  }
}
