{
  "time": 1557236820224,
  "initialization": {
    "cpuUsage": {
      "user": 44000,
      "system": 12000
    },
    "memoryUsage": {
      "rss": 4399104,
      "heapTotal": 6332416,
      "heapUsed": 4608448,
      "external": 555773
    },
    "hrtime": 124917240
  },
  "execution": {
    "cpuUsage": {
      "user": 4000,
      "system": 4000
    },
    "memoryUsage": {
      "rss": 237568,
      "heapTotal": 0,
      "heapUsed": 160760,
      "external": 96
    },
    "hrtime": 5393977
  }
}
