{
  "time": 1555322572444,
  "initialization": {
    "cpuUsage": {
      "user": 12000,
      "system": 8000
    },
    "memoryUsage": {
      "rss": 2658304,
      "heapTotal": 6332416,
      "heapUsed": 2698248,
      "external": 171524
    },
    "hrtime": 46522449
  },
  "execution": {
    "cpuUsage": {
      "user": 4000,
      "system": 0
    },
    "memoryUsage": {
      "rss": 241664,
      "heapTotal": 0,
      "heapUsed": 424368,
      "external": 96
    },
    "hrtime": 4592908
  }
}
