{
  "time": 1557236854557,
  "initialization": {
    "cpuUsage": {
      "user": 44000,
      "system": 16000
    },
    "memoryUsage": {
      "rss": 4276224,
      "heapTotal": 6332416,
      "heapUsed": 4510024,
      "external": 548705
    },
    "hrtime": 115833155
  },
  "execution": {
    "cpuUsage": {
      "user": 4000,
      "system": 0
    },
    "memoryUsage": {
      "rss": 241664,
      "heapTotal": 0,
      "heapUsed": 169176,
      "external": 96
    },
    "hrtime": 6308199
  }
}
