{
  "time": 1555322546406,
  "initialization": {
    "cpuUsage": {
      "user": 24000,
      "system": 12000
    },
    "memoryUsage": {
      "rss": 2396160,
      "heapTotal": 5808128,
      "heapUsed": 2690696,
      "external": 171078
    },
    "hrtime": 65249634
  },
  "execution": {
    "cpuUsage": {
      "user": 4000,
      "system": 0
    },
    "memoryUsage": {
      "rss": 507904,
      "heapTotal": 0,
      "heapUsed": 422024,
      "external": 96
    },
    "hrtime": 6076725
  }
}
