{
  "time": 1557236829933,
  "initialization": {
    "cpuUsage": {
      "user": 60000,
      "system": 8000
    },
    "memoryUsage": {
      "rss": 4272128,
      "heapTotal": 6856704,
      "heapUsed": 4534464,
      "external": 550149
    },
    "hrtime": 99914429
  },
  "execution": {
    "cpuUsage": {
      "user": 4000,
      "system": 0
    },
    "memoryUsage": {
      "rss": 237568,
      "heapTotal": 0,
      "heapUsed": 158208,
      "external": 96
    },
    "hrtime": 4446254
  }
}
