{
  "time": 1557237471717,
  "initialization": {
    "cpuUsage": {
      "user": 44000,
      "system": 12000
    },
    "memoryUsage": {
      "rss": 4796416,
      "heapTotal": 6332416,
      "heapUsed": 4600768,
      "external": 556145
    },
    "hrtime": 95301042
  },
  "execution": {
    "cpuUsage": {
      "user": 4000,
      "system": 0
    },
    "memoryUsage": {
      "rss": 241664,
      "heapTotal": 0,
      "heapUsed": 161072,
      "external": 96
    },
    "hrtime": 5422352
  }
}
