{
  "time": 1555322439528,
  "initialization": {
    "cpuUsage": {
      "user": 20000,
      "system": 4000
    },
    "memoryUsage": {
      "rss": 2908160,
      "heapTotal": 6856704,
      "heapUsed": 3100560,
      "external": 197047
    },
    "hrtime": 52919673
  },
  "execution": {
    "cpuUsage": {
      "user": 4000,
      "system": 0
    },
    "memoryUsage": {
      "rss": 204800,
      "heapTotal": 0,
      "heapUsed": 163176,
      "external": 96
    },
    "hrtime": 4753511
  }
}
