{
  "time": 1555322552970,
  "initialization": {
    "cpuUsage": {
      "user": 16000,
      "system": 8000
    },
    "memoryUsage": {
      "rss": 2392064,
      "heapTotal": 7380992,
      "heapUsed": 2650496,
      "external": 165850
    },
    "hrtime": 49318389
  },
  "execution": {
    "cpuUsage": {
      "user": 4000,
      "system": 0
    },
    "memoryUsage": {
      "rss": 237568,
      "heapTotal": 0,
      "heapUsed": 158976,
      "external": 96
    },
    "hrtime": 4000994
  }
}
