{
  "time": 1555322480777,
  "initialization": {
    "cpuUsage": {
      "user": 16000,
      "system": 12000
    },
    "memoryUsage": {
      "rss": 2396160,
      "heapTotal": 6332416,
      "heapUsed": 2546792,
      "external": 119178
    },
    "hrtime": 55755293
  },
  "execution": {
    "cpuUsage": {
      "user": 4000,
      "system": 0
    },
    "memoryUsage": {
      "rss": 286720,
      "heapTotal": 0,
      "heapUsed": 161936,
      "external": 96
    },
    "hrtime": 4045131
  }
}
