{
  "time": 1557236841988,
  "initialization": {
    "cpuUsage": {
      "user": 60000,
      "system": 4000
    },
    "memoryUsage": {
      "rss": 4317184,
      "heapTotal": 6856704,
      "heapUsed": 4593448,
      "external": 555103
    },
    "hrtime": 132248172
  },
  "execution": {
    "cpuUsage": {
      "user": 4000,
      "system": 0
    },
    "memoryUsage": {
      "rss": 241664,
      "heapTotal": 0,
      "heapUsed": 168672,
      "external": 96
    },
    "hrtime": 6734708
  }
}
