{
  "time": 1557237456690,
  "initialization": {
    "cpuUsage": {
      "user": 12000,
      "system": 12000
    },
    "memoryUsage": {
      "rss": 2473984,
      "heapTotal": 6332416,
      "heapUsed": 2231504,
      "external": 129460
    },
    "hrtime": 41456129
  },
  "execution": {
    "cpuUsage": {
      "user": 4000,
      "system": 0
    },
    "memoryUsage": {
      "rss": 217088,
      "heapTotal": 0,
      "heapUsed": 157936,
      "external": 96
    },
    "hrtime": 4331900
  }
}
