{
  "time": 1555322436722,
  "initialization": {
    "cpuUsage": {
      "user": 32000,
      "system": 4000
    },
    "memoryUsage": {
      "rss": 2682880,
      "heapTotal": 7905280,
      "heapUsed": 3101392,
      "external": 196955
    },
    "hrtime": 56849913
  },
  "execution": {
    "cpuUsage": {
      "user": 4000,
      "system": 0
    },
    "memoryUsage": {
      "rss": 208896,
      "heapTotal": 0,
      "heapUsed": 187944,
      "external": 96
    },
    "hrtime": 4988225
  }
}
