{
  "time": 1555322537549,
  "initialization": {
    "cpuUsage": {
      "user": 40000,
      "system": 12000
    },
    "memoryUsage": {
      "rss": 4538368,
      "heapTotal": 6856704,
      "heapUsed": 4590768,
      "external": 563919
    },
    "hrtime": 92603625
  },
  "execution": {
    "cpuUsage": {
      "user": 4000,
      "system": 0
    },
    "memoryUsage": {
      "rss": 241664,
      "heapTotal": 0,
      "heapUsed": 168664,
      "external": 96
    },
    "hrtime": 4341862
  }
}
