{
  "time": 1555322522854,
  "initialization": {
    "cpuUsage": {
      "user": 40000,
      "system": 12000
    },
    "memoryUsage": {
      "rss": 4345856,
      "heapTotal": 6332416,
      "heapUsed": 4520768,
      "external": 549373
    },
    "hrtime": 86544410
  },
  "execution": {
    "cpuUsage": {
      "user": 4000,
      "system": 0
    },
    "memoryUsage": {
      "rss": 245760,
      "heapTotal": 524288,
      "heapUsed": 418728,
      "external": 96
    },
    "hrtime": 4087024
  }
}
