{
  "time": 1557236821437,
  "initialization": {
    "cpuUsage": {
      "user": 24000,
      "system": 4000
    },
    "memoryUsage": {
      "rss": 2392064,
      "heapTotal": 6332416,
      "heapUsed": 2687976,
      "external": 170652
    },
    "hrtime": 61108469
  },
  "execution": {
    "cpuUsage": {
      "user": 4000,
      "system": 0
    },
    "memoryUsage": {
      "rss": 237568,
      "heapTotal": 0,
      "heapUsed": 164336,
      "external": 96
    },
    "hrtime": 6235953
  }
}
