{
  "time": 1555322421859,
  "initialization": {
    "cpuUsage": {
      "user": 32000,
      "system": 4000
    },
    "memoryUsage": {
      "rss": 2674688,
      "heapTotal": 6332416,
      "heapUsed": 3042256,
      "external": 195077
    },
    "hrtime": 61093995
  },
  "execution": {
    "cpuUsage": {
      "user": 0,
      "system": 4000
    },
    "memoryUsage": {
      "rss": 274432,
      "heapTotal": 0,
      "heapUsed": 163160,
      "external": 96
    },
    "hrtime": 4067249
  }
}
