{
  "time": 1555322475083,
  "initialization": {
    "cpuUsage": {
      "user": 20000,
      "system": 8000
    },
    "memoryUsage": {
      "rss": 2396160,
      "heapTotal": 5808128,
      "heapUsed": 2110616,
      "external": 112811
    },
    "hrtime": 49889176
  },
  "execution": {
    "cpuUsage": {
      "user": 0,
      "system": 4000
    },
    "memoryUsage": {
      "rss": 233472,
      "heapTotal": 0,
      "heapUsed": 158120,
      "external": 96
    },
    "hrtime": 4443583
  }
}
