{
  "time": 1557237509845,
  "initialization": {
    "cpuUsage": {
      "user": 20000,
      "system": 4000
    },
    "memoryUsage": {
      "rss": 2396160,
      "heapTotal": 7905280,
      "heapUsed": 2253192,
      "external": 129665
    },
    "hrtime": 49517273
  },
  "execution": {
    "cpuUsage": {
      "user": 4000,
      "system": 0
    },
    "memoryUsage": {
      "rss": 217088,
      "heapTotal": 0,
      "heapUsed": 162568,
      "external": 96
    },
    "hrtime": 4900072
  }
}
