{
  "time": 1555322460978,
  "initialization": {
    "cpuUsage": {
      "user": 20000,
      "system": 4000
    },
    "memoryUsage": {
      "rss": 2838528,
      "heapTotal": 7905280,
      "heapUsed": 2660048,
      "external": 130201
    },
    "hrtime": 48407748
  },
  "execution": {
    "cpuUsage": {
      "user": 0,
      "system": 4000
    },
    "memoryUsage": {
      "rss": 212992,
      "heapTotal": 0,
      "heapUsed": 186336,
      "external": 96
    },
    "hrtime": 5203542
  }
}
