{
  "time": 1557237472271,
  "initialization": {
    "cpuUsage": {
      "user": 52000,
      "system": 4000
    },
    "memoryUsage": {
      "rss": 4317184,
      "heapTotal": 6856704,
      "heapUsed": 4577896,
      "external": 555681
    },
    "hrtime": 110667771
  },
  "execution": {
    "cpuUsage": {
      "user": 4000,
      "system": 0
    },
    "memoryUsage": {
      "rss": 245760,
      "heapTotal": 0,
      "heapUsed": 187552,
      "external": 96
    },
    "hrtime": 4729330
  }
}
