{
  "time": 1557237371941,
  "initialization": {
    "cpuUsage": {
      "user": 84000,
      "system": 16000
    },
    "memoryUsage": {
      "rss": 4206592,
      "heapTotal": 6332416,
      "heapUsed": 4476704,
      "external": 548105
    },
    "hrtime": 220875237
  },
  "execution": {
    "cpuUsage": {
      "user": 4000,
      "system": 0
    },
    "memoryUsage": {
      "rss": 245760,
      "heapTotal": 0,
      "heapUsed": 183216,
      "external": 96
    },
    "hrtime": 5942858
  }
}
