{
  "time": 1555322572859,
  "initialization": {
    "cpuUsage": {
      "user": 24000,
      "system": 8000
    },
    "memoryUsage": {
      "rss": 2412544,
      "heapTotal": 6332416,
      "heapUsed": 2607896,
      "external": 165666
    },
    "hrtime": 55410304
  },
  "execution": {
    "cpuUsage": {
      "user": 4000,
      "system": 0
    },
    "memoryUsage": {
      "rss": 503808,
      "heapTotal": 0,
      "heapUsed": 418608,
      "external": 96
    },
    "hrtime": 4370967
  }
}
