{
  "time": 1555322453494,
  "initialization": {
    "cpuUsage": {
      "user": 28000,
      "system": 4000
    },
    "memoryUsage": {
      "rss": 2957312,
      "heapTotal": 6856704,
      "heapUsed": 3096840,
      "external": 196777
    },
    "hrtime": 54266361
  },
  "execution": {
    "cpuUsage": {
      "user": 4000,
      "system": 0
    },
    "memoryUsage": {
      "rss": 188416,
      "heapTotal": 0,
      "heapUsed": 161648,
      "external": 96
    },
    "hrtime": 3973240
  }
}
