{
  "time": 1557237458673,
  "initialization": {
    "cpuUsage": {
      "user": 44000,
      "system": 8000
    },
    "memoryUsage": {
      "rss": 3878912,
      "heapTotal": 6856704,
      "heapUsed": 4182664,
      "external": 495874
    },
    "hrtime": 88117008
  },
  "execution": {
    "cpuUsage": {
      "user": 4000,
      "system": 0
    },
    "memoryUsage": {
      "rss": 245760,
      "heapTotal": 0,
      "heapUsed": 164432,
      "external": 96
    },
    "hrtime": 4490342
  }
}
