{
  "time": 1555322456149,
  "initialization": {
    "cpuUsage": {
      "user": 28000,
      "system": 8000
    },
    "memoryUsage": {
      "rss": 2695168,
      "heapTotal": 6332416,
      "heapUsed": 2622616,
      "external": 121375
    },
    "hrtime": 52082494
  },
  "execution": {
    "cpuUsage": {
      "user": 4000,
      "system": 0
    },
    "memoryUsage": {
      "rss": 237568,
      "heapTotal": 0,
      "heapUsed": 184920,
      "external": 96
    },
    "hrtime": 5200582
  }
}
