{
  "time": 1555322440252,
  "initialization": {
    "cpuUsage": {
      "user": 20000,
      "system": 4000
    },
    "memoryUsage": {
      "rss": 2936832,
      "heapTotal": 6332416,
      "heapUsed": 3051064,
      "external": 195557
    },
    "hrtime": 52013080
  },
  "execution": {
    "cpuUsage": {
      "user": 4000,
      "system": 0
    },
    "memoryUsage": {
      "rss": 278528,
      "heapTotal": 0,
      "heapUsed": 182328,
      "external": 96
    },
    "hrtime": 4469026
  }
}
