{
  "time": 1555322484746,
  "initialization": {
    "cpuUsage": {
      "user": 16000,
      "system": 8000
    },
    "memoryUsage": {
      "rss": 2695168,
      "heapTotal": 6332416,
      "heapUsed": 2948656,
      "external": 189073
    },
    "hrtime": 46481937
  },
  "execution": {
    "cpuUsage": {
      "user": 4000,
      "system": 0
    },
    "memoryUsage": {
      "rss": 237568,
      "heapTotal": 0,
      "heapUsed": 187664,
      "external": 96
    },
    "hrtime": 4825814
  }
}
