{
  "time": 1557236850124,
  "initialization": {
    "cpuUsage": {
      "user": 28000,
      "system": 4000
    },
    "memoryUsage": {
      "rss": 2867200,
      "heapTotal": 7905280,
      "heapUsed": 3145856,
      "external": 196469
    },
    "hrtime": 64574539
  },
  "execution": {
    "cpuUsage": {
      "user": 4000,
      "system": 0
    },
    "memoryUsage": {
      "rss": 208896,
      "heapTotal": 0,
      "heapUsed": 187720,
      "external": 96
    },
    "hrtime": 4915392
  }
}
