{
  "time": 1557237501578,
  "initialization": {
    "cpuUsage": {
      "user": 12000,
      "system": 8000
    },
    "memoryUsage": {
      "rss": 2396160,
      "heapTotal": 5808128,
      "heapUsed": 2098960,
      "external": 113509
    },
    "hrtime": 39541162
  },
  "execution": {
    "cpuUsage": {
      "user": 4000,
      "system": 0
    },
    "memoryUsage": {
      "rss": 237568,
      "heapTotal": 0,
      "heapUsed": 157880,
      "external": 96
    },
    "hrtime": 3952216
  }
}
