{
  "time": 1555322432665,
  "initialization": {
    "cpuUsage": {
      "user": 48000,
      "system": 8000
    },
    "memoryUsage": {
      "rss": 4902912,
      "heapTotal": 6856704,
      "heapUsed": 4630128,
      "external": 564694
    },
    "hrtime": 94978931
  },
  "execution": {
    "cpuUsage": {
      "user": 0,
      "system": 4000
    },
    "memoryUsage": {
      "rss": 245760,
      "heapTotal": 0,
      "heapUsed": 187064,
      "external": 96
    },
    "hrtime": 4576511
  }
}
