{
  "time": 1555322446086,
  "initialization": {
    "cpuUsage": {
      "user": 20000,
      "system": 8000
    },
    "memoryUsage": {
      "rss": 2928640,
      "heapTotal": 6856704,
      "heapUsed": 2955360,
      "external": 190069
    },
    "hrtime": 43774831
  },
  "execution": {
    "cpuUsage": {
      "user": 4000,
      "system": 0
    },
    "memoryUsage": {
      "rss": 270336,
      "heapTotal": 0,
      "heapUsed": 171264,
      "external": 96
    },
    "hrtime": 4241040
  }
}
