{
  "time": 1557237477447,
  "initialization": {
    "cpuUsage": {
      "user": 36000,
      "system": 4000
    },
    "memoryUsage": {
      "rss": 2654208,
      "heapTotal": 5808128,
      "heapUsed": 2692288,
      "external": 171342
    },
    "hrtime": 74247712
  },
  "execution": {
    "cpuUsage": {
      "user": 4000,
      "system": 0
    },
    "memoryUsage": {
      "rss": 237568,
      "heapTotal": 0,
      "heapUsed": 163576,
      "external": 96
    },
    "hrtime": 5069850
  }
}
