{
  "time": 1555322547775,
  "initialization": {
    "cpuUsage": {
      "user": 16000,
      "system": 8000
    },
    "memoryUsage": {
      "rss": 2666496,
      "heapTotal": 6332416,
      "heapUsed": 2684936,
      "external": 171478
    },
    "hrtime": 53654444
  },
  "execution": {
    "cpuUsage": {
      "user": 4000,
      "system": 0
    },
    "memoryUsage": {
      "rss": 237568,
      "heapTotal": 0,
      "heapUsed": 164984,
      "external": 96
    },
    "hrtime": 4041109
  }
}
