{
  "time": 1555322455032,
  "initialization": {
    "cpuUsage": {
      "user": 12000,
      "system": 20000
    },
    "memoryUsage": {
      "rss": 2125824,
      "heapTotal": 6332416,
      "heapUsed": 2133168,
      "external": 113461
    },
    "hrtime": 53628961
  },
  "execution": {
    "cpuUsage": {
      "user": 4000,
      "system": 0
    },
    "memoryUsage": {
      "rss": 241664,
      "heapTotal": 0,
      "heapUsed": 160912,
      "external": 96
    },
    "hrtime": 5778661
  }
}
