{
  "time": 1555322453101,
  "initialization": {
    "cpuUsage": {
      "user": 20000,
      "system": 4000
    },
    "memoryUsage": {
      "rss": 2392064,
      "heapTotal": 5808128,
      "heapUsed": 2104360,
      "external": 113417
    },
    "hrtime": 63379893
  },
  "execution": {
    "cpuUsage": {
      "user": 4000,
      "system": 0
    },
    "memoryUsage": {
      "rss": 507904,
      "heapTotal": 0,
      "heapUsed": 419672,
      "external": 96
    },
    "hrtime": 4317378
  }
}
