{
  "time": 1555322484260,
  "initialization": {
    "cpuUsage": {
      "user": 16000,
      "system": 4000
    },
    "memoryUsage": {
      "rss": 2662400,
      "heapTotal": 5808128,
      "heapUsed": 2642272,
      "external": 125662
    },
    "hrtime": 44335989
  },
  "execution": {
    "cpuUsage": {
      "user": 4000,
      "system": 0
    },
    "memoryUsage": {
      "rss": 286720,
      "heapTotal": 0,
      "heapUsed": 158080,
      "external": 96
    },
    "hrtime": 4458742
  }
}
