{
  "time": 1555322524069,
  "initialization": {
    "cpuUsage": {
      "user": 16000,
      "system": 8000
    },
    "memoryUsage": {
      "rss": 2392064,
      "heapTotal": 6332416,
      "heapUsed": 2701888,
      "external": 171034
    },
    "hrtime": 49681150
  },
  "execution": {
    "cpuUsage": {
      "user": 4000,
      "system": 0
    },
    "memoryUsage": {
      "rss": 237568,
      "heapTotal": 0,
      "heapUsed": 159504,
      "external": 96
    },
    "hrtime": 5131963
  }
}
