{
  "time": 1557237496264,
  "initialization": {
    "cpuUsage": {
      "user": 24000,
      "system": 4000
    },
    "memoryUsage": {
      "rss": 2121728,
      "heapTotal": 7380992,
      "heapUsed": 2138704,
      "external": 106349
    },
    "hrtime": 54604398
  },
  "execution": {
    "cpuUsage": {
      "user": 8000,
      "system": 0
    },
    "memoryUsage": {
      "rss": 241664,
      "heapTotal": 0,
      "heapUsed": 160752,
      "external": 96
    },
    "hrtime": 6208229
  }
}
