{
  "time": 1555322554058,
  "initialization": {
    "cpuUsage": {
      "user": 20000,
      "system": 8000
    },
    "memoryUsage": {
      "rss": 2539520,
      "heapTotal": 6856704,
      "heapUsed": 2759224,
      "external": 181390
    },
    "hrtime": 55999937
  },
  "execution": {
    "cpuUsage": {
      "user": 4000,
      "system": 0
    },
    "memoryUsage": {
      "rss": 212992,
      "heapTotal": 0,
      "heapUsed": 172008,
      "external": 96
    },
    "hrtime": 4594246
  }
}
