{
  "time": 1557236828700,
  "initialization": {
    "cpuUsage": {
      "user": 16000,
      "system": 8000
    },
    "memoryUsage": {
      "rss": 2932736,
      "heapTotal": 6332416,
      "heapUsed": 3042344,
      "external": 194865
    },
    "hrtime": 46385547
  },
  "execution": {
    "cpuUsage": {
      "user": 8000,
      "system": 0
    },
    "memoryUsage": {
      "rss": 274432,
      "heapTotal": 0,
      "heapUsed": 186208,
      "external": 96
    },
    "hrtime": 4721454
  }
}
